Rk,Player,Pos,Age,Tm,G,MP,PER,TS%,3PAr,FTr,ORB%,DRB%,TRB%,AST%,STL%,BLK%,TOV%,USG%,,OWS,DWS,WS,WS/48,,OBPM,DBPM,BPM,VORP
1,Kareem Abdul-Jabbar*,C,31,LAL,80,3157,25.5,0.612,,0.352,7.6,26.7,17.6,18.9,1.1,5,15.3,23.3,,8.8,5.6,14.4,0.219,,4.6,3,7.6,7.7
2,Tom Abernethy,PF,24,GSW,70,1219,13.6,0.55,,0.275,6.5,12.6,9.5,8.4,1.5,0.6,7.7,13.8,,2.3,1.3,3.7,0.144,,0.2,0.7,0.9,0.9
3,Alvan Adams,C,24,PHO,77,2364,20.4,0.57,,0.269,10.5,22.4,16.6,20.8,2.1,1.4,18.9,24.1,,3.9,3.7,7.6,0.154,,2.3,1.2,3.4,3.2
4,Lucius Allen,PG,31,KCK,31,413,8.7,0.416,,0.19,3.6,8.6,6.1,13.6,2.3,0.8,13.7,20.3,,-0.4,0.5,0.1,0.007,,-3.7,0.4,-3.3,-0.1
5,Kim Anderson,SF,23,POR,21,224,3,0.353,,0.364,8.3,14.1,11.2,8.5,0.8,1.3,19.8,19.6,,-0.6,0.2,-0.4,-0.078,,-6.1,-1.3,-7.5,-0.4
6,Tiny Archibald*,PG,30,BOS,69,1662,13.1,0.537,,0.536,1.7,5.3,3.4,26.3,1.5,0.2,21.8,21.3,,1,0.6,1.6,0.046,,-0.5,-2.1,-2.6,-0.3
7,Tate Armstrong,SG,23,CHI,26,259,6.5,0.436,,0.186,3,5.5,4.2,15.5,1.8,0,21.7,14.9,,-0.2,0.2,-0.1,-0.012,,-3.9,-0.3,-4.2,-0.2
8,Dennis Awtrey,C,30,TOT,63,746,6.7,0.49,,0.523,6,15.7,10.8,11.1,1,0.9,28.3,9.6,,-0.1,0.9,0.7,0.046,,-3.5,1.2,-2.3,-0.1
8,Dennis Awtrey,C,30,BOS,23,247,5.4,0.473,,0.455,5.8,15.4,10.6,9.8,0.5,1.3,28.5,11.7,,-0.2,0.1,0,-0.006,,-4.1,0,-4.1,-0.1
8,Dennis Awtrey,C,30,SEA,40,499,7.3,0.501,,0.571,6.1,15.8,11,11.8,1.2,0.7,28.2,8.6,,0,0.7,0.8,0.073,,-3.2,1.8,-1.4,0.1
9,Gus Bailey,SG,27,NOJ,2,9,6.1,0.286,,0,22.5,0,10.9,33.2,0,0,12.5,33.9,,0,0,0,-0.201,,-4.4,-0.4,-4.8,0
10,Greg Ballard,SF,24,WSB,82,1552,14.9,0.503,,0.308,9.5,19.8,14.7,9.4,1.7,1,13.3,18,,1.7,2.2,3.9,0.12,,0,0.7,0.7,1.1
11,Mike Bantom,PF,27,IND,81,2528,15.7,0.503,,0.326,9.2,17.3,13.2,12.3,1.8,1.3,14,21.3,,2.2,3,5.2,0.099,,0,0.3,0.2,1.4
12,Tom Barker,C,23,TOT,39,476,9.1,0.473,,0.237,10.2,17,13.6,4.1,1,1.2,16.5,17,,-0.1,0.4,0.3,0.031,,-3.5,-1,-4.6,-0.4
12,Tom Barker,C,23,HOU,5,16,13.2,0.581,,0.333,13.8,26.8,20.4,0,0,0,12.7,19.4,,0,0,0,0.147,,-4.3,-0.3,-4.6,0
12,Tom Barker,C,23,BOS,12,131,9.5,0.485,,0.313,10.1,15.4,12.7,6.2,1.4,1.6,19.2,20.1,,-0.1,0.1,0,0.017,,-4,-0.4,-4.4,-0.1
12,Tom Barker,C,23,NYK,22,329,8.8,0.46,,0.196,10.1,17.1,13.6,3.4,0.8,1.1,15.3,15.6,,-0.1,0.3,0.2,0.031,,-3.3,-1.3,-4.6,-0.2
13,Marvin Barnes,PF,26,BOS,38,796,12.3,0.515,,0.244,7.9,16.9,12.3,9.1,2.2,2.5,18.5,18.1,,0.1,0.9,1,0.06,,-2.7,1.2,-1.5,0.1
14,Rick Barry*,SF,34,HOU,80,2566,14.7,0.504,,0.169,1.7,9.9,5.9,25.7,1.7,0.8,15.6,19.6,,2.9,1.3,4.2,0.078,,0.9,-0.1,0.8,1.8
15,Tim Bassett,PF,27,NJN,82,1508,8,0.433,,0.419,11.7,17.7,14.6,8.2,1.3,1,21.7,11.8,,-0.5,1.9,1.4,0.045,,-3.2,0.1,-3.1,-0.4
16,Butch Beard,PG,31,NYK,7,85,9,0.423,,0,1.3,11.5,6.3,27.9,3.8,0,27.8,16.6,,-0.1,0.1,0,-0.012,,-4,0.6,-3.4,0
17,Ron Behagen,PF,28,TOT,15,165,9.6,0.487,,0.21,8.4,19.4,13.8,5.5,1.1,0.3,14,18.4,,0,0.2,0.2,0.066,,-3.3,-0.4,-3.7,-0.1
17,Ron Behagen,PF,28,DET,1,1,-60.3,,,,0,0,0,0,0,0,100,38.1,,0,0,0,-1.277,,-5.1,0,-5.1,0
17,Ron Behagen,PF,28,NYK,5,38,7.5,0.466,,0.167,5.6,25.6,15.6,6.6,2.4,0,23.7,17.4,,-0.1,0.1,0,0.004,,-4.5,0.1,-4.4,0
17,Ron Behagen,PF,28,KCK,9,126,10.8,0.492,,0.22,9.3,17.7,13.4,5.2,0.7,0.4,9.9,18.6,,0.1,0.1,0.3,0.096,,-2.9,-0.6,-3.5,-0.1
18,Kent Benson,C,24,MIL,82,2132,17.3,0.555,,0.307,9.7,20.6,15.1,12.1,1.9,2,14.7,19.3,,3.5,2.9,6.4,0.143,,0.6,0.8,1.4,1.8
19,Del Beshore,PG,22,MIL,1,1,0,,,,0,0,0,0,0,0,,0,,0,0,0,-0.004,,-4.7,0,-4.7,0
20,Henry Bibby,PG,29,PHI,82,2538,11.2,0.493,,0.386,3.1,6.8,5,19.2,1.3,0.1,16.2,18.6,,1.3,2.4,3.7,0.069,,-1.6,-0.8,-2.4,-0.2
21,Bob Bigelow,SF,25,SDC,29,413,6,0.428,,0.233,3.9,8,5.9,7.1,1.3,0.2,15.4,10.8,,0,0.1,0,0.003,,-2.7,-0.6,-3.3,-0.1
22,Otis Birdsong,SG,23,KCK,82,2839,18.4,0.544,,0.28,6.6,7,6.8,14.4,2,0.3,10.9,24.9,,5.9,2.9,8.8,0.148,,2.4,-0.2,2.2,3
23,Ron Boone,SG,32,LAL,82,1583,9.3,0.495,,0.183,3.9,6,5,12.1,1.9,0.4,19.3,19.3,,-0.8,1.2,0.4,0.012,,-3.2,-1,-4.2,-0.9
24,Tom Boswell,PF,25,DEN,79,2201,14.6,0.577,,0.471,11.9,13.6,12.8,14.7,1,1.2,20.3,16,,3.4,2.2,5.6,0.122,,0.8,0.1,0.9,1.6
25,Dennis Boyd,PG,24,DET,5,40,-4,0.25,,0,0,5.4,2.6,20.3,0,0,33.3,17.1,,-0.2,0,-0.2,-0.23,,-5.3,-1.1,-6.4,-0.1
26,Winford Boynes,SG,21,NJN,69,1176,11.7,0.482,,0.284,5.2,8.9,6.9,9.7,1.6,0.3,15.1,25.1,,-0.5,1.1,0.6,0.026,,-2.2,-1.5,-3.7,-0.5
27,Alonzo Bradley,SF,25,HOU,34,245,9.3,0.468,,0.375,5.9,14.4,10.2,8.8,0.9,0.2,14.2,19.2,,0,0.1,0.1,0.024,,-3,-1.2,-4.2,-0.1
28,Mike Bratz,PG,23,PHO,77,1297,12.6,0.513,,0.319,4.8,7.3,6,17.6,2.2,0.3,18.2,22,,0.5,1.3,1.7,0.064,,-1.8,-0.6,-2.4,-0.1
29,Jim Brewer,PF,27,TOT,80,1611,9.9,0.444,,0.197,10.1,22.5,16,6.6,1.8,2.2,21.9,10.9,,-0.5,1.8,1.3,0.038,,-2.1,0.6,-1.5,0.2
29,Jim Brewer,PF,27,CLE,55,1301,10.1,0.448,,0.185,9.9,21.9,15.6,7,1.7,2.4,21.8,10.9,,-0.3,1.3,1,0.038,,-1.9,0.6,-1.2,0.3
29,Jim Brewer,PF,27,DET,25,310,9.2,0.428,,0.25,11,24.6,17.6,4.9,1.9,1.7,22.2,10.5,,-0.2,0.4,0.3,0.04,,-2.8,0.4,-2.4,0
30,Ron Brewer,SG,23,POR,81,2454,14.2,0.544,,0.292,3.9,6.5,5.2,9.4,1.9,1.8,13.4,18.4,,3.3,2.3,5.6,0.109,,0.5,0.2,0.7,1.7
31,Junior Bridgeman,SG,25,MIL,82,1963,18.8,0.544,,0.214,6.4,10.4,8.4,11.7,2,1.1,10.6,25.8,,3.7,1.8,5.5,0.134,,1.9,-0.6,1.3,1.6
32,Allan Bristow,SF,27,SAS,74,1324,14.2,0.562,,0.421,6.6,12.8,9.8,20.3,1.8,0.6,20.5,15.1,,2,1.5,3.5,0.126,,0.5,0.7,1.2,1.1
33,Fred Brown,PG,30,SEA,77,1961,16.9,0.516,,0.217,2,7.2,4.6,20.1,2.8,0.6,13.6,24.1,,2.3,2.9,5.2,0.127,,0.3,1.3,1.7,1.8
34,John Brown,SF,27,CHI,77,1265,9.4,0.539,,0.309,7.2,13.3,10.3,10.8,0.7,0.4,19.8,14.2,,0.9,0.8,1.7,0.064,,-2.3,-0.4,-2.7,-0.2
35,Joe Bryant,PF,24,PHI,70,1064,13.1,0.482,,0.356,9.8,15.3,12.7,13.6,2.1,0.4,17.1,24.4,,-0.1,1.6,1.5,0.067,,-2.4,-0.2,-2.6,-0.2
36,Quinn Buckner,PG,24,MIL,81,1757,13.6,0.478,,0.226,3.6,9.6,6.6,31.7,4,0.5,25.5,18,,-0.4,2.4,2,0.055,,-1.6,1.5,-0.1,0.9
37,Greg Bunch,SF,22,NYK,12,97,9.2,0.448,,0.462,9.9,8.9,9.4,4.9,1.4,1.6,13.8,14.7,,0,0.1,0.1,0.046,,-2.9,-0.4,-3.3,0
38,Tom Burleson,C,26,KCK,56,927,15.3,0.522,,0.494,9.6,23.7,16.5,6.9,1.3,3.5,13.3,19.9,,1.1,1.6,2.7,0.14,,-1.4,1,-0.4,0.4
39,Don Buse,PG,28,PHO,82,2544,11.5,0.519,,0.158,2,7.4,4.7,16.3,2.7,0.4,13.5,10.8,,2.6,2.8,5.4,0.101,,-0.9,1.7,0.8,1.8
40,Marty Byrnes,SF,22,TOT,79,1264,9.9,0.525,,0.396,7.7,8.1,7.9,10.4,0.9,0.4,20.7,17.5,,0.2,0.7,0.9,0.034,,-1.7,-1.7,-3.5,-0.5
40,Marty Byrnes,SF,22,PHO,43,734,9.4,0.545,,0.448,7.5,7.2,7.3,10.1,0.9,0.1,22.8,18.1,,0.1,0.5,0.5,0.036,,-2,-2,-4,-0.4
40,Marty Byrnes,SF,22,NOJ,36,530,10.6,0.498,,0.325,7.8,9.5,8.7,10.9,1,0.7,17.4,16.5,,0.1,0.3,0.4,0.032,,-1.3,-1.3,-2.7,-0.1
41,Corky Calhoun,SF,28,IND,81,1332,9.9,0.507,,0.257,4.9,13.4,9.2,9.9,1.3,0.7,13.1,12.6,,1.1,1.2,2.3,0.082,,-2,0.5,-1.5,0.2
42,Austin Carr,SG,30,CLE,82,2714,15.4,0.529,,0.308,5.9,5.8,5.8,11.4,1.3,0.3,11.7,21.9,,4.5,0.5,5,0.088,,1,-1.7,-0.7,0.9
43,Kenny Carr,PF,23,LAL,72,1149,12.6,0.522,,0.304,7,19.9,13.8,6.8,1.5,1.4,18.5,21.8,,-0.4,1.5,1.1,0.046,,-2.8,-0.7,-3.5,-0.4
44,M.L. Carr,SF,28,DET,80,3207,16.3,0.561,,0.381,6.9,12.4,9.5,10.8,2.8,0.7,16,18.9,,4.5,3.4,7.9,0.118,,0.6,0.8,1.4,2.8
45,Ron Carter,SG,22,LAL,46,332,9.3,0.487,,0.435,7.3,7.4,7.4,9.4,2.3,1.1,21.3,22.6,,-0.3,0.3,0,-0.002,,-4.1,-0.7,-4.8,-0.3
46,Harvey Catchings,C,27,TOT,57,948,11.1,0.476,,0.321,11,22.5,16.7,6.5,1.1,5.1,24.1,14.6,,-0.6,1.7,1.1,0.058,,-3.3,1.5,-1.8,0.1
46,Harvey Catchings,C,27,PHI,25,289,9.9,0.457,,0.25,11.2,23.5,17.6,7.7,1.2,6.3,32.9,15.2,,-0.5,0.6,0.1,0.021,,-4.5,2.4,-2.1,0
46,Harvey Catchings,C,27,NJN,32,659,11.6,0.483,,0.349,10.9,22.1,16.3,6,1,4.6,20.2,14.4,,0,1.1,1,0.074,,-2.7,1.1,-1.6,0.1
47,Don Chaney,SG,32,BOS,65,1074,9.7,0.444,,0.101,6.5,8.1,7.3,9.5,3,0.5,13.1,18.1,,-0.3,1,0.6,0.027,,-3.5,0.8,-2.7,-0.2
48,Maurice Cheeks*,PG,22,PHI,82,2409,12.6,0.541,,0.245,2.8,7.9,5.5,22.8,3.2,0.3,23.3,13.4,,1.3,3.6,4.9,0.097,,-1.4,2.1,0.7,1.6
49,Phil Chenier,SG,28,WSB,27,385,7.2,0.458,,0.177,0.8,4.4,2.6,10.2,0.5,0.6,15.4,20,,-0.3,0.2,-0.1,-0.014,,-3.5,-1.7,-5.2,-0.3
50,Jim Chones,C,29,CLE,82,2850,13.7,0.472,,0.2,9.4,23.8,16.2,8.6,0.8,2,13.8,18.9,,1,2.3,3.3,0.056,,-0.8,-1,-1.8,0.1
51,Jim Cleamons,PG,29,NYK,79,2390,11.8,0.513,,0.26,2.9,7.2,5.1,19.7,1.4,0.2,16.2,14.3,,2.3,1.1,3.4,0.068,,-0.7,-0.6,-1.2,0.5
52,E.C. Coleman,PF,28,HOU,6,39,10.9,0.739,,0.143,2.8,16.5,9.8,3.2,2.4,0,0,7.5,,0.1,0,0.1,0.169,,-3.7,0.4,-3.2,0
53,Doug Collins,SG,27,PHI,47,1595,16,0.555,,0.344,2.4,5.5,4,17.6,1.5,0.7,13.7,23.4,,2.6,1.6,4.2,0.125,,0.7,-0.5,0.1,0.9
54,Michael Cooper,SG,22,LAL,3,7,16.3,0.5,,0,0,0,0,0,6.5,0,14.3,40,,0,0,0,-0.073,,-4.6,0,-4.6,0
55,Wayne Cooper,C,22,GSW,65,795,12.5,0.464,,0.208,12.1,25.8,18.9,3.5,0.4,3,14,18.9,,0,1.2,1.2,0.073,,-2.9,-0.5,-3.4,-0.3
56,Dave Corzine,C,22,WSB,59,532,12.5,0.6,,0.534,10,17.9,14,10.9,0.8,1.3,26.7,14.3,,0.5,0.6,1.1,0.102,,-0.9,0.8,-0.1,0.3
57,Dave Cowens*,C,30,BOS,68,2517,15.2,0.516,,0.185,6.7,22.2,14.4,13.7,1.4,1.1,13.7,19.6,,2.4,2.4,4.8,0.091,,0.1,0.2,0.3,1.5
58,Wesley Cox,SF,24,GSW,31,360,5.3,0.447,,0.748,5.3,13.5,9.4,4,1.7,0.8,21.2,23.3,,-0.9,0.4,-0.5,-0.061,,-7.1,-0.8,-7.9,-0.6
59,Charlie Criss,PG,30,ATL,54,879,9.1,0.436,,0.298,2.2,5.3,3.7,20.7,2.2,0.2,19.5,18.2,,-0.5,0.7,0.1,0.008,,-2.4,-0.8,-3.2,-0.3
60,Geoff Crompton,C,23,DEN,20,88,2.6,0.416,,0.462,7.2,20,13.6,7.3,0,1.8,27.7,19,,-0.2,0.1,-0.1,-0.081,,-6,-0.4,-6.4,-0.2
61,Louie Dampier*,PG,34,SAS,70,760,13.3,0.513,,0.155,2.2,6.4,4.4,19.7,2,0.5,12.7,15.3,,0.9,0.7,1.6,0.098,,0,0.2,0.3,0.4
62,Bob Dandridge,SF,31,WSB,78,2629,19,0.553,,0.318,4.3,12.9,8.6,19.1,1.2,1.1,13.4,24.1,,5.8,2.8,8.7,0.158,,2.6,0.4,3,3.4
63,Adrian Dantley*,SF,23,LAL,60,1775,18.4,0.589,,0.467,8.5,12.2,10.5,10.3,1.6,0.3,14.9,23.4,,4,1.6,5.7,0.153,,1.7,-1.2,0.5,1.1
64,Brad Davis,PG,23,TOT,27,298,11.7,0.599,,0.418,0.3,5.5,2.9,21.4,2.4,0.4,20.7,10.8,,0.4,0.2,0.6,0.102,,-2,1.1,-0.9,0.1
64,Brad Davis,PG,23,LAL,5,65,8.5,0.745,,0.364,0,1.6,0.8,16.4,1.4,0,32,11.6,,0.1,0,0.1,0.066,,-3.3,-0.2,-3.5,0
64,Brad Davis,PG,23,IND,22,233,12.6,0.563,,0.432,0.4,6.6,3.5,22.8,2.7,0.5,17.4,10.6,,0.3,0.2,0.5,0.112,,-1.7,1.5,-0.2,0.2
65,Harry Davis,SF,23,CLE,40,394,10.6,0.471,,0.281,7.1,11.5,9.2,5.5,1.5,1.1,11.8,19.7,,0.1,0.2,0.3,0.038,,-2.9,-1,-3.9,-0.2
66,Johnny Davis,PG,23,IND,79,2971,14.7,0.511,,0.319,2.4,4.2,3.3,21.3,1.5,0.4,13.1,21.4,,3.7,1.5,5.2,0.083,,0.5,-1.2,-0.7,1
67,Walter Davis,SF,24,PHO,79,2437,23,0.606,,0.3,5.1,11.8,8.5,21.1,2.7,0.6,16,29,,6.3,3.1,9.4,0.184,,3.8,0.4,4.2,3.8
68,Darryl Dawkins,C,22,PHI,78,2035,15.6,0.545,,0.283,6.6,24.9,16.1,9.1,0.7,3.6,17.4,21.7,,0.8,3.8,4.6,0.108,,-1.7,1.2,-0.5,0.8
69,Coby Dietrick,C,30,SAS,76,1487,13.9,0.56,,0.248,6.5,15.5,11.1,15.7,2.1,1.3,17.2,13.6,,2.1,2,4.1,0.133,,0.3,1.6,1.9,1.5
70,Jacky Dorsey,SF,24,HOU,20,108,12.5,0.56,,0.372,12.3,10.9,11.6,2.6,0.4,1,13.8,21.2,,0.1,0,0.2,0.076,,-3.2,-1.1,-4.3,-0.1
71,Leon Douglas,C,24,DET,78,2215,12.1,0.529,,0.47,11.3,20.2,15.6,4.3,0.8,1.3,18.4,17.7,,1.1,2,3.1,0.068,,-2.3,-1.4,-3.7,-0.9
72,John Drew,SF,24,ATL,79,2410,21.7,0.536,,0.492,9.7,13.9,11.7,8.1,2.5,0.4,11.2,30.9,,6.1,2.8,8.9,0.177,,2.9,-0.8,2.1,2.5
73,Charles Dudley,PG,28,CHI,43,684,6.4,0.411,,0.336,4,9.7,6.9,20.9,2.2,0.1,30.8,12.1,,-0.7,0.6,-0.1,-0.009,,-4.3,0.7,-3.6,-0.3
74,Mike Dunleavy,SG,24,HOU,74,1486,14.9,0.582,,0.433,2.1,7.2,4.7,27.4,1.7,0.2,20.4,16.9,,2.8,0.5,3.4,0.109,,0.8,-0.5,0.3,0.9
75,T.R. Dunn,SG,23,POR,80,1828,12.3,0.496,,0.288,8.7,12.3,10.5,7.4,2.2,0.7,13.1,15.3,,1.7,2,3.7,0.097,,-0.3,0.1,-0.2,0.8
76,James Edwards,C,23,IND,82,2546,16.9,0.542,,0.414,7.2,20.8,14,5.2,1.1,2.2,11.4,21.8,,3.9,3.2,7.1,0.133,,-0.3,-0.1,-0.4,1
77,Bob Elliott,PF,23,NJN,14,282,13.6,0.63,,0.767,5.7,15.6,10.4,10.7,0.9,0.8,21,16.4,,0.4,0.3,0.7,0.123,,-0.8,0,-0.8,0.1
78,Bo Ellis,PF,24,DEN,42,269,12.2,0.524,,0.391,6.7,17.3,12,5,1.7,2.5,16.9,18.6,,0.1,0.4,0.5,0.09,,-3,0.6,-2.4,0
79,Len Elmore,C,26,IND,80,1264,12.2,0.444,,0.228,9.4,23.4,16.4,7.4,2.2,3.3,16.2,13.9,,-0.1,2.2,2.1,0.079,,-2.3,1.9,-0.3,0.5
80,Alex English*,SF,25,IND,81,2696,17.6,0.54,,0.209,9.7,15.3,12.5,14.4,1.2,1.5,14,20.3,,4.3,2.6,7,0.124,,2.1,0,2.1,2.8
81,Ray Epps,SF,22,GSW,13,72,7.9,0.49,,0.348,0,7.5,3.7,3.6,0.7,0,7,16,,0,0,0.1,0.057,,-3.8,-0.4,-4.2,0
82,Julius Erving*,SF,28,PHI,78,2802,20.1,0.538,,0.344,7.7,13.1,10.5,19.6,2.1,1.9,15.8,27.7,,3.6,4.4,7.9,0.136,,2.9,0.6,3.5,3.9
83,Chris Ford,SG,30,TOT,81,2737,14,0.502,,0.199,5,6.1,5.5,19.6,1.9,0.5,14.5,20.7,,2.1,1.4,3.5,0.062,,0.1,-0.6,-0.5,1
83,Chris Ford,SG,30,DET,3,108,5.6,0.428,,0.229,8.4,9,8.7,5.7,0.4,0.5,20.6,17.1,,-0.1,0,-0.1,-0.043,,-3,-1.3,-4.4,-0.1
83,Chris Ford,SG,30,BOS,78,2629,14.3,0.505,,0.198,4.8,6,5.4,20.2,2,0.5,14.3,20.8,,2.3,1.4,3.6,0.067,,0.2,-0.6,-0.4,1.1
84,Don Ford,PF,26,LAL,79,1540,11.1,0.54,,0.198,6.2,12.4,9.5,8,1.5,0.8,16,15.1,,1,1.5,2.5,0.078,,-1.4,-0.3,-1.7,0.1
85,Phil Ford,PG,22,KCK,79,2723,15.8,0.534,,0.399,1.3,6.1,3.6,32.2,2.9,0.1,21.5,21.2,,2.5,3.2,5.7,0.101,,0.9,0,0.9,2
86,Bayard Forrest,C,24,PHO,75,1243,9.6,0.462,,0.423,10,18,14.1,15.3,1,1.5,24.9,13.3,,-0.2,1.5,1.2,0.048,,-1.9,0.8,-1.1,0.3
87,Walt Frazier*,PG,33,CLE,12,279,12.9,0.482,,0.221,2.6,5.4,3.9,16.2,2.2,0.4,14.1,22.2,,0.1,0.1,0.2,0.029,,-1.3,-0.8,-2.1,0
88,World B. Free,PG,25,SDC,78,2954,22.1,0.552,,0.523,4.6,6.3,5.4,17.1,1.7,0.6,12.7,29.9,,9.4,0.7,10.1,0.164,,4.4,-1.5,2.9,3.7
89,Terry Furlow,SG,24,TOT,78,1686,17,0.528,,0.243,4.7,6.2,5.4,16.3,1.6,1,13.1,24.1,,2.5,0.8,3.3,0.093,,2,-1,1,1.3
89,Terry Furlow,SG,24,CLE,49,1110,17,0.523,,0.22,4.1,5.5,4.7,14.2,1.7,0.8,12.2,25.5,,1.4,0.4,1.8,0.078,,1.6,-1.3,0.3,0.6
89,Terry Furlow,SG,24,ATL,29,576,17.1,0.538,,0.298,5.8,7.6,6.7,20.5,1.5,1.3,15,21.5,,1.1,0.4,1.5,0.124,,2.8,-0.4,2.4,0.6
90,Mike Gale,SG,28,SAS,82,2121,12.3,0.5,,0.176,2.1,7,4.6,20.6,3.1,0.9,18.8,14.5,,1,2.6,3.6,0.082,,-1.1,1.6,0.6,1.4
91,Gus Gerard,SF,25,TOT,58,465,11.6,0.466,,0.469,9.1,13.9,11.5,5.9,1.9,1.6,13.3,22.3,,-0.1,0.6,0.5,0.055,,-2.8,-0.4,-3.1,-0.1
91,Gus Gerard,SF,25,DET,2,6,26.3,0.387,,0.667,16.8,0,8.7,0,14.9,0,0,24.6,,0,0,0,0.193,,-4.2,0.3,-3.9,0
91,Gus Gerard,SF,25,KCK,56,459,11.4,0.467,,0.466,9,14.1,11.5,6,1.8,1.6,13.5,22.3,,-0.1,0.6,0.5,0.053,,-2.7,-0.4,-3.1,-0.1
92,George Gervin*,SF,26,SAS,80,2888,23.2,0.591,,0.326,5.4,9,7.3,11.5,2.1,1.6,12.5,30,,8.1,3.2,11.4,0.189,,4,-0.3,3.7,4.1
93,John Gianelli,C,28,MIL,82,2057,10.3,0.511,,0.194,6.6,15.4,11,9.1,1,1.5,15.6,12.8,,1.2,1.8,3,0.07,,-1.3,0,-1.4,0.3
94,Artis Gilmore*,C,29,CHI,82,3265,22.3,0.619,,0.448,9.9,25,17.5,12.9,0.7,2.6,16.5,23,,8.6,4.1,12.7,0.186,,3.4,0.7,4.1,5
95,Jack Givens,SF,22,ATL,74,1347,13,0.457,,0.239,7.6,9.7,8.6,8.7,2.5,0.7,10.7,20.5,,0.7,1.4,2.1,0.074,,-0.4,-0.2,-0.7,0.5
96,Mike Glenn,SG,23,NYK,75,1171,15.5,0.567,,0.13,2.6,5,3.8,16.5,1.4,0.3,11.1,19.3,,2.4,0.5,2.8,0.117,,0.6,-0.7,0,0.6
97,Glen Gondrezick,SF,23,NYK,75,1602,11,0.511,,0.298,9.8,18.7,14.3,8,2.8,0.6,20.5,11.4,,0.6,2.1,2.7,0.082,,-1.8,1.4,-0.4,0.6
98,Gail Goodrich*,SG,35,NOJ,74,2130,13.1,0.499,,0.24,3.2,5.1,4.2,23.5,1.9,0.3,16.4,20.1,,1.1,1,2.2,0.049,,-1.1,-1.1,-2.2,-0.1
99,Mike Green,C,27,SAS,76,1641,12.9,0.528,,0.302,8.7,13.8,11.3,8.3,1,3.7,14.1,14.5,,1.8,2,3.8,0.112,,-0.8,1,0.2,0.9
100,Rickey Green,PG,24,DET,27,431,10.2,0.433,,0.379,3.5,6.2,4.8,18.7,2.6,0.1,17.6,22.1,,-0.4,0.3,-0.1,-0.012,,-3.2,-0.8,-4,-0.2
101,Steve Green,SF,25,IND,39,265,12.4,0.5,,0.382,8.5,11.7,10.1,10.6,1.9,0.6,14.1,17.8,,0.2,0.3,0.4,0.08,,-1.7,0.1,-1.6,0.1
102,Tommie Green,PG,22,NOJ,59,809,8.3,0.438,,0.266,2.5,5.6,4.1,22.2,3.3,0.4,25.2,16.7,,-1,0.7,-0.3,-0.017,,-4.9,0.6,-4.2,-0.5
103,Kevin Grevey,SF,25,WSB,65,1856,14,0.494,,0.243,5,7.7,6.3,11.1,1.1,0.4,10.5,23.5,,1.9,1.5,3.4,0.087,,-0.3,-1.1,-1.4,0.3
104,Paul Griffin,PF,25,NOJ,77,1398,10,0.527,,0.659,9.1,17.9,13.7,12.1,1.7,1.3,28.9,11,,0,1.5,1.6,0.054,,-2.6,1.1,-1.5,0.2
105,Bob Gross,SF,25,POR,53,1441,14,0.519,,0.269,8.1,11.2,9.6,17,2.3,1.8,19.6,16.9,,1.2,1.7,2.9,0.097,,0.4,0.9,1.4,1.2
106,Ernie Grunfeld,SF,23,MIL,82,1778,15.2,0.546,,0.38,7.7,14.7,11.2,15.2,1.5,0.4,15.5,19.9,,2.8,1.6,4.3,0.117,,0.2,-0.5,-0.2,0.8
107,Lars Hansen,C,24,SEA,15,205,13.6,0.538,,0.544,11.3,19,15.1,9.2,0.2,0.3,11.3,15.2,,0.4,0.3,0.6,0.149,,-1,-0.3,-1.3,0.1
108,James Hardy,SF,22,NOJ,68,1456,10.7,0.487,,0.207,8.4,12.3,10.4,5.9,1.6,2.1,16.7,14.6,,0,1.3,1.3,0.043,,-1.9,0,-1.9,0
109,Joe Hassett,SG,23,SEA,55,463,12.3,0.504,,0.109,2.9,7.3,5.1,13.5,1.4,0.5,12.6,21.4,,0.3,0.5,0.9,0.089,,-2,0.1,-1.9,0
110,Steve Hawes,PF,28,ATL,81,2205,15,0.523,,0.175,9,20.5,14.5,11.7,1.7,1.2,15.1,17.2,,2.6,2.8,5.4,0.118,,0.6,0.5,1,1.7
111,Bubbles Hawkins,SG,24,DET,4,28,23.8,0.483,,0.375,10.8,11.5,11.1,19.8,8,0,9.7,28.1,,0.1,0.1,0.1,0.221,,-3.4,1.1,-2.3,0.1
112,Elvin Hayes*,PF,33,WSB,82,3105,19.1,0.523,,0.362,10.3,22,16.2,6.3,1.1,3,12.1,23.9,,4.5,4.9,9.4,0.146,,1,0.2,1.2,2.5
113,Spencer Haywood*,PF,29,TOT,68,2361,16.8,0.533,,0.242,7.5,15.3,11.5,8.2,0.8,1.8,13,25.1,,2.5,1.8,4.3,0.087,,0.3,-1.3,-1,0.6
113,Spencer Haywood*,PF,29,NYK,34,1023,15.6,0.528,,0.287,6.9,14.8,10.8,8,0.4,1.5,13.2,25.3,,1,0.7,1.6,0.077,,-0.1,-1.7,-1.8,0.1
113,Spencer Haywood*,PF,29,NOJ,34,1338,17.7,0.537,,0.21,8,15.6,11.9,8.4,1,1.9,12.9,24.9,,1.5,1.2,2.7,0.096,,0.6,-1,-0.4,0.5
114,Gar Heard,PF,30,PHO,63,1213,12.6,0.479,,0.281,9.1,22.8,16.1,5.9,1.9,2.4,12.7,15,,0.6,2,2.6,0.101,,-1.5,0.6,-0.9,0.3
115,Tom Henderson,PG,27,WSB,70,2081,13.9,0.519,,0.304,2.5,5.4,4,24.5,1.9,0.2,16.9,16.1,,2.7,1.8,4.5,0.103,,0.4,0.1,0.4,1.3
116,Keith Herron,SG,22,ATL,14,81,9.3,0.372,,0.271,5.1,8.4,6.7,5.2,3.5,1.4,8.5,28.6,,-0.1,0.1,0,-0.011,,-4.5,-0.2,-4.8,-0.1
117,Phil Hicks,SF,26,DEN,20,128,6.5,0.431,,0.116,10.7,12.1,11.4,8.3,1.8,0,22.3,17.5,,-0.2,0.1,0,-0.014,,-4.2,-0.6,-4.8,-0.1
118,Kenny Higgs,PG,24,CLE,68,1050,12.4,0.517,,0.398,1.8,9.3,5.3,17.2,2.9,0.6,12.5,14.2,,1.3,0.8,2.2,0.098,,-2.4,1.8,-0.6,0.4
119,Armond Hill,PG,25,ATL,82,2527,11.8,0.518,,0.422,1.7,5.5,3.5,24.8,1.9,0.4,20,15.8,,2.4,1.8,4.2,0.08,,-0.9,-0.5,-1.4,0.4
120,Darnell Hillman,PF,29,KCK,78,1618,10.7,0.519,,0.523,9.1,20.2,14.5,6.9,1.4,2.3,20.3,15.7,,0.2,2.4,2.6,0.077,,-2.8,0.9,-1.8,0.1
121,Wilbur Holland,SG,27,CHI,82,2483,13.1,0.507,,0.187,3.5,7.7,5.6,19,2.3,0.3,15.4,19.4,,1.7,2.1,3.8,0.074,,-1.3,0.4,-1,0.7
122,Lionel Hollins,PG,25,POR,64,1967,14,0.496,,0.249,1.8,6.7,4.2,23.9,2.7,0.7,18.5,24.2,,0.2,2.1,2.3,0.055,,-1,-0.5,-1.5,0.2
123,Essie Hollis,SF,23,DET,25,154,11.8,0.43,,0.16,13.7,16.7,15.2,5.2,3.2,0.3,14.8,23.3,,-0.1,0.2,0.1,0.022,,-3.8,-0.5,-4.3,-0.1
124,Otis Howard,PF,22,TOT,14,113,13.7,0.446,,0.411,16.5,21.9,19.1,6,0.8,0.9,9.6,24.7,,0,0.1,0.2,0.064,,-3.1,-0.9,-4,-0.1
124,Otis Howard,PF,22,MIL,3,22,8,0.455,,0,25.1,10,17.6,6,0,0,15.4,23,,0,0,0,0.024,,-4.5,-0.6,-5.1,0
124,Otis Howard,PF,22,DET,11,91,15.1,0.444,,0.511,14.4,24.8,19.4,6,1,1.1,8.3,25.2,,0,0.1,0.1,0.074,,-2.8,-1,-3.8,0
125,Lou Hudson,SG,34,LAL,78,1686,13.7,0.556,,0.195,4.4,4.6,4.5,10.8,1.6,0.5,12.5,18.7,,2.3,1.1,3.3,0.095,,-0.1,-0.9,-1.1,0.4
126,Kim Hughes,C,26,DEN,81,1086,11.7,0.53,,0.247,10.9,21.2,16.1,8.5,2.3,4.9,27.9,9.9,,0.1,2.1,2.2,0.098,,-2.7,3.7,0.9,0.8
127,Dan Issel*,C,30,DEN,81,2742,18.3,0.568,,0.407,9.2,18.8,14,13.3,1,0.9,12.3,19.5,,6.7,3.1,9.8,0.172,,2.5,-0.1,2.4,3.1
128,Phil Jackson*,PF,33,NJN,59,1070,10.7,0.536,,0.347,5.6,12.2,8.7,10.7,1.8,1.1,18.3,15,,0.6,1.3,1.9,0.086,,-2.2,0.8,-1.5,0.1
129,Aaron James,SF,26,NOJ,73,1417,12.7,0.526,,0.222,6.9,10.1,8.6,8.2,0.9,0.7,13.8,21.6,,1,0.7,1.7,0.057,,-1.8,-1.7,-3.5,-0.5
130,Charles Johnson,SG,29,WSB,82,1819,12,0.458,,0.101,4,7.3,5.6,12.5,2.4,0.2,9.6,19.1,,0.9,1.9,2.8,0.074,,-1.9,0.8,-1.2,0.4
131,Clemon Johnson,C,22,POR,74,794,12.1,0.481,,0.341,11.5,20.3,15.8,12.8,1.3,2.5,20.7,15.6,,0.1,1.1,1.2,0.07,,-1.5,0.8,-0.7,0.3
132,Dennis Johnson*,SG,24,SEA,80,2717,15,0.495,,0.353,5.6,8.8,7.2,14.5,1.7,1.9,13,21.3,,2.8,3.8,6.6,0.116,,0.6,0.9,1.5,2.4
133,Eddie Johnson,SG,23,ATL,78,2413,16.7,0.561,,0.297,2.8,4.9,3.8,22.1,2.3,0.3,16.1,21.7,,4.4,1.9,6.3,0.126,,1.4,-0.2,1.2,2
134,George Johnson,C,30,NJN,78,2058,11.1,0.475,,0.286,9.9,22.1,15.7,5.5,1.4,6.6,24.7,13.2,,-1.3,3.9,2.6,0.061,,-3.7,2.8,-0.9,0.6
135,George Johnson,PF,22,MIL,67,1157,14,0.526,,0.342,10.1,24.3,17.2,8.3,2.9,2.2,20.3,16.6,,0.4,2,2.5,0.102,,-2,1.6,-0.5,0.4
136,John Johnson,SF,31,SEA,82,2386,11.2,0.484,,0.305,5.6,12.6,9.1,20.3,1.1,0.6,21.4,19.5,,-0.4,3,2.7,0.053,,-1.8,0,-1.8,0.1
137,Marques Johnson,SF,22,MIL,77,2779,23.9,0.586,,0.293,8.4,14.9,11.7,12.3,1.9,1.7,9.2,25.9,,9.2,3,12.2,0.211,,5.1,0,5.2,5
138,Mickey Johnson,PF,26,CHI,82,2594,15.5,0.506,,0.298,8.2,18.2,13.2,21.3,1.6,1.2,20,24.1,,0.8,2.9,3.7,0.069,,0,0.4,0.3,1.5
139,Ollie Johnson,SF,29,CHI,71,1734,12.3,0.552,,0.204,3.7,10.6,7.2,13.1,1.5,1,16.2,16.2,,1.6,1.4,3.1,0.085,,-0.9,0.5,-0.4,0.7
140,Bobby Jones*,PF,27,PHI,80,2304,16.7,0.584,,0.393,9.4,14.4,12,11.8,2.1,2.2,16.7,16.8,,3.9,3.8,7.7,0.16,,1.2,1.6,2.8,2.8
141,Caldwell Jones,C,28,PHI,78,2171,13.4,0.512,,0.254,8.8,26.2,17.9,9.1,0.8,3.8,18,15.5,,0.8,4.2,5,0.111,,-1.8,1.7,-0.1,1
142,Dwight Jones,C,26,HOU,81,1215,10.9,0.505,,0.334,10,19.2,14.7,5.9,1.3,1.1,18.4,18,,0.3,0.9,1.3,0.05,,-2.8,-0.8,-3.7,-0.5
143,Eddie Jordan,PG,24,NJN,82,2260,13.8,0.47,,0.285,3.3,6.8,5,23.1,3.9,1,18.4,22,,-0.9,3.3,2.4,0.051,,-1.4,1.6,0.2,1.2
144,Jeff Judkins,SF,22,BOS,81,1521,14.5,0.544,,0.249,5.1,8.9,7,13.6,2.4,0.4,14.3,19.5,,1.9,1.1,3,0.095,,-0.5,0.4,-0.1,0.7
145,Rich Kelley,C,25,NOJ,80,2705,19.9,0.585,,0.526,11.3,25.3,18.5,14.4,2.1,3,21.2,19.2,,4.1,4.5,8.6,0.152,,1.1,1.8,2.8,3.3
146,Larry Kenon,PF,26,SAS,81,2947,19.8,0.547,,0.235,9.6,18.2,14.1,15.4,2.3,0.3,15.5,24.9,,4.7,4.1,8.8,0.144,,2.5,-0.3,2.2,3.1
147,Bernard King*,SF,22,NJN,82,2859,17.9,0.542,,0.455,8.9,16,12.3,16.4,1.8,0.7,16.5,25.6,,2.8,3.6,6.5,0.109,,1.6,-0.2,1.3,2.4
148,Billy Knight,SF,26,TOT,79,2095,15.3,0.586,,0.354,4.8,13,8.9,10.5,1.4,0.2,18.9,22.2,,2.3,1.4,3.7,0.085,,0.3,-1,-0.7,0.7
148,Billy Knight,SF,26,BOS,40,1119,12.1,0.556,,0.335,4,13.2,8.6,8.4,1.2,0.1,20.5,22,,0.1,0.6,0.7,0.029,,-1.5,-1.6,-3.2,-0.3
148,Billy Knight,SF,26,IND,39,976,19,0.618,,0.376,5.6,12.8,9.2,13,1.5,0.3,17.1,22.5,,2.2,0.8,3,0.149,,2.4,-0.4,2,1
149,Toby Knight,SF,23,NYK,82,2667,15.3,0.539,,0.175,8.1,14.1,11.1,6.6,1,1.2,11.4,21,,3.7,2,5.7,0.102,,0.1,-1.1,-1,0.7
150,Joel Kramer,PF,23,PHO,82,1401,11.3,0.544,,0.476,10.8,15.8,13.4,7.8,1.4,0.9,18,15,,1.4,1.6,3,0.103,,-1.9,-0.3,-2.2,-0.1
151,John Kuester,PG,23,DEN,33,212,6.9,0.387,,0.269,2.5,3.9,3.2,21.4,3.8,0.2,25.6,14.2,,-0.3,0.3,0,0,,-4.5,1.3,-3.2,-0.1
152,Kevin Kunnert,C,27,SDC,81,1684,12.8,0.487,,0.17,12.7,23.2,18,8.3,1.2,3.5,20.8,15.3,,0.5,1.8,2.3,0.066,,-1.9,0.6,-1.3,0.3
153,Mitch Kupchak,PF,24,WSB,66,1604,19.4,0.588,,0.438,9.7,17.4,13.6,7.5,0.6,0.7,12.8,22.3,,4.2,1.7,5.9,0.178,,2.6,-0.8,1.9,1.6
154,Sam Lacey,C,30,KCK,82,2627,15.3,0.544,,0.324,7.2,22.2,14.5,20.1,1.8,3,23.5,15.2,,2,4.5,6.5,0.119,,0.8,3.1,3.9,3.9
155,Tom LaGarde,C,23,SEA,23,575,15.6,0.568,,0.525,11.1,23.7,17.4,7.8,0.5,1.6,17.4,18.4,,0.8,0.9,1.7,0.142,,-0.4,0.2,-0.2,0.3
156,John Lambert,PF,26,CLE,70,1030,10.9,0.469,,0.167,11.6,19.7,15.4,5.5,1.1,1.5,15.5,16.1,,0.2,0.8,0.9,0.044,,-2.6,-1.2,-3.8,-0.5
157,Mark Landsberger,PF,23,CHI,80,1959,12.6,0.483,,0.332,16.4,25,20.7,4.7,0.6,0.6,18.2,16.7,,0.2,2,2.2,0.054,,-0.7,-2.1,-2.8,-0.4
158,Bob Lanier*,C,30,DET,53,1835,21.7,0.564,,0.386,9,19.3,14,11.4,1.2,2.1,13.6,26.7,,4,1.9,5.9,0.155,,3.2,-0.2,3,2.3
159,Butch Lee,PG,22,TOT,82,1779,13.8,0.513,,0.363,1.9,6,3.9,22.7,2.3,0,17.3,19.8,,1.5,1.1,2.6,0.069,,-0.3,-0.7,-1,0.4
159,Butch Lee,PG,22,ATL,49,997,12.2,0.516,,0.374,1.1,5.4,3.2,23,2.6,0.1,20.8,18.3,,0.4,0.9,1.2,0.06,,-1.1,-0.2,-1.3,0.2
159,Butch Lee,PG,22,CLE,33,782,15.7,0.511,,0.352,2.9,6.7,4.7,22.5,1.8,0,13.5,21.8,,1.1,0.2,1.3,0.081,,0.7,-1.4,-0.7,0.3
160,Ron Lee,PG,26,TOT,60,1346,10.7,0.469,,0.278,5.1,8.2,6.7,19.4,3.5,0.2,22.5,20.9,,-1.3,1.7,0.3,0.012,,-3.6,0.6,-3,-0.4
160,Ron Lee,PG,26,PHO,43,948,11.1,0.49,,0.272,5,8.2,6.6,17.6,3.2,0.2,21.3,22.1,,-0.6,1.2,0.6,0.028,,-3.4,0.3,-3.1,-0.3
160,Ron Lee,PG,26,NOJ,17,398,9.6,0.406,,0.298,5.3,8.1,6.8,23.5,4.2,0.2,25.9,18.1,,-0.7,0.5,-0.2,-0.027,,-4.2,1.4,-2.8,-0.1
161,Scott Lloyd,C,26,TOT,72,496,3.2,0.389,,0.385,10.8,10.3,10.6,8.2,0.9,0.9,26.3,15.6,,-0.9,0.3,-0.6,-0.058,,-5.8,-0.9,-6.7,-0.7
161,Scott Lloyd,C,26,SDC,5,31,-13.2,0,,0,3.4,6.9,5.1,0,1.5,0,80,12.2,,-0.2,0,-0.2,-0.363,,-6.2,-0.5,-6.6,-0.1
161,Scott Lloyd,C,26,CHI,67,465,4.3,0.395,,0.392,11.3,10.5,10.9,8.7,0.9,0.9,23.4,15.8,,-0.7,0.3,-0.4,-0.037,,-5.8,-0.9,-6.7,-0.6
162,John Long,SG,22,DET,82,2498,13.6,0.498,,0.153,5.1,6,5.5,6.9,1.8,0.4,9.4,22.3,,2.2,1.4,3.6,0.07,,-1,-1,-2,0
163,John Lucas,PG,25,GSW,82,3095,16.9,0.514,,0.28,2.2,6.4,4.3,33,2.3,0.2,16.5,20.2,,4.7,3.2,7.9,0.122,,1.5,0,1.4,2.7
164,Maurice Lucas,PF,26,POR,69,2462,18.4,0.517,,0.286,8.6,24,16.2,13.1,1.2,1.8,14.6,25.5,,2.9,3.3,6.2,0.121,,1,-0.3,0.7,1.7
165,Moses Malone*,C,23,HOU,82,3390,23.7,0.604,,0.612,19.2,27.1,23.2,5.9,1.1,1.8,16.2,23.4,,10.6,3.5,14.1,0.2,,4.5,-1.7,2.8,4.1
166,Pete Maravich*,SG,31,NOJ,49,1824,13.4,0.478,,0.268,1.8,4.6,3.2,20.4,1.5,0.5,14.7,28.4,,-0.5,0.7,0.1,0.004,,-1.2,-2.5,-3.7,-0.8
167,Cedric Maxwell,SF,23,BOS,80,2969,19.9,0.676,,0.886,10.1,19.6,14.8,10.4,1.5,1.3,19.6,18.4,,8.9,2.7,11.7,0.188,,2.9,0.2,3.1,3.8
168,Scott May,SF,24,CHI,37,403,8.4,0.482,,0.294,3.8,13.5,8.7,13.2,2.5,0.1,24.9,20.3,,-0.6,0.4,-0.1,-0.015,,-4.7,0.3,-4.4,-0.3
169,Bob McAdoo*,PF-C,27,TOT,60,2231,20.4,0.561,,0.399,6.3,19.1,12.7,11.5,1.5,1.6,14.1,27.1,,3.5,2.3,5.8,0.125,,2.4,-0.2,2.3,2.4
169,Bob McAdoo*,PF,27,NYK,40,1594,21.5,0.572,,0.422,6.3,19.4,12.8,12.2,1.8,1.6,14,26.9,,3,1.8,4.8,0.146,,3.2,0.2,3.4,2.2
169,Bob McAdoo*,C,27,BOS,20,637,17.5,0.534,,0.344,6.2,18.4,12.3,9.9,0.8,1.6,14.3,27.5,,0.5,0.5,1,0.073,,0.6,-1.1,-0.5,0.2
170,Ted McClain,SG,32,PHO,36,465,10.1,0.545,,0.348,6.1,10.3,8.2,15.4,1.8,0,26.2,17.1,,0,0.4,0.5,0.049,,-2.3,-0.5,-2.8,-0.1
171,Jim McElroy,PG,25,NOJ,79,2698,16.2,0.536,,0.31,2.3,5.4,3.9,24.2,2.4,0.9,16,21,,3.1,1.8,4.9,0.088,,0.6,-0.1,0.5,1.7
172,George McGinnis*,PF,28,DEN,76,2552,20.6,0.533,,0.601,10.6,24.6,17.7,16.9,2.3,1.1,17.7,29.5,,2.8,4.4,7.1,0.134,,1.5,0.6,2.1,2.6
173,Billy McKinney,PG,23,KCK,78,1242,15.6,0.555,,0.34,1.7,5.8,3.7,27,2.1,0.1,18.4,20.8,,1.7,1.2,3,0.114,,0.7,-0.3,0.4,0.7
174,Tom McMillen,C,26,ATL,82,1392,12.6,0.518,,0.239,9.8,16.3,12.9,6.9,0.5,1.3,13.7,18.1,,1.7,1.2,2.9,0.1,,-1,-1.2,-2.2,-0.1
175,Jim McMillian,SF,30,POR,23,278,11.9,0.499,,0.284,6.3,9.3,7.8,15.3,1.7,0.6,16.1,14.1,,0.3,0.2,0.5,0.086,,-0.4,0,-0.4,0.1
176,Larry McNeill,PF,28,DET,11,46,16.5,0.574,,0.6,6.6,16.4,11.3,8.8,0,0,13.7,24.2,,0.1,0,0.1,0.148,,-3.2,-0.4,-3.6,0
177,John Mengelt,SG,29,CHI,75,1705,13.2,0.537,,0.264,1.6,5.9,3.8,16.1,1.3,0.1,13.5,20.9,,2.1,0.9,3,0.084,,-0.9,-1,-1.9,0.1
178,Joe Meriweather,C,25,TOT,77,1693,11.4,0.524,,0.374,8.8,16,12.5,6,1.1,2.8,18.3,16.3,,0.6,1.7,2.3,0.064,,-3,0.2,-2.8,-0.3
178,Joe Meriweather,C,25,NOJ,36,640,11.8,0.495,,0.417,9.8,18.1,14.1,6.4,1.2,3.1,16.9,15.9,,0.1,0.7,0.9,0.066,,-3.1,0.4,-2.7,-0.1
178,Joe Meriweather,C,25,NYK,41,1053,11.2,0.542,,0.348,8.2,14.8,11.5,5.9,1,2.7,19.1,16.6,,0.4,0.9,1.4,0.063,,-2.9,0.1,-2.9,-0.2
179,Mike Mitchell,SF,23,CLE,80,1576,16.8,0.545,,0.252,8.3,14.9,11.4,5.7,1.5,1,11.5,22.4,,2.6,1,3.6,0.111,,0.5,-1.1,-0.6,0.5
180,Steve Mix,SF,31,PHI,74,1269,19.4,0.594,,0.408,9.3,14.5,12,13.7,2,0.7,14.7,20.9,,3,1.9,4.9,0.186,,2.7,0.6,3.3,1.7
181,Eric Money,PG,23,TOT,70,1979,14.4,0.53,,0.265,3.6,5,4.3,25.4,1.9,0.3,19.1,23.6,,0.9,1.8,2.7,0.065,,-0.1,-0.9,-1.1,0.5
181,Eric Money,PG,23,NJN,47,1434,15.4,0.519,,0.271,3.9,5.4,4.6,26.7,2.3,0.4,18,24.1,,0.8,1.4,2.1,0.072,,0.4,-0.7,-0.3,0.6
181,Eric Money,PG,23,PHI,23,545,11.8,0.565,,0.249,3,4,3.5,21.9,1.1,0.2,22.3,22.1,,0.1,0.4,0.5,0.048,,-1.7,-1.6,-3.3,-0.2
182,Earl Monroe*,SG,34,NYK,64,1393,15.4,0.513,,0.22,2,3.7,2.9,19.6,1.6,0.2,11.3,24.3,,1.9,0.5,2.5,0.085,,0.3,-1.4,-1.1,0.3
183,Glenn Mosley,PF,23,SAS,26,221,12.2,0.463,,0.507,13.4,17,15.2,10.1,1.6,2.3,17.9,19.1,,0,0.3,0.3,0.068,,-2.5,0,-2.6,0
184,Calvin Murphy*,PG,30,HOU,82,2941,16.1,0.539,,0.186,2.9,3.5,3.2,17,1.8,0.1,10.8,23.2,,6.1,0.7,6.8,0.112,,0.9,-1,-0.1,1.4
185,Bob Nash,SF,28,KCK,82,1307,9.6,0.467,,0.165,6.2,11.1,8.6,7,1,0.6,12.8,18.9,,-0.1,1.2,1.1,0.042,,-2.1,-1.1,-3.2,-0.4
186,Swen Nater,C,29,SDC,79,2006,16.9,0.605,,0.263,11.5,25.6,18.6,9.1,0.9,0.7,19.5,16.4,,3.9,1.6,5.5,0.133,,1.4,-0.8,0.6,1.3
187,Lloyd Neal,PF,28,POR,4,48,-0.6,0.393,,0.091,4.6,16.4,10.4,2.6,0,1.2,34.4,14.3,,-0.1,0,-0.1,-0.112,,-4.9,-0.6,-5.5,-0.1
188,Mike Newlin,SG,30,HOU,76,1828,12.9,0.565,,0.418,3.1,7,5.1,20.2,1.3,0.3,20.3,18.6,,2.4,0.5,2.9,0.076,,-0.3,-1,-1.3,0.3
189,Norm Nixon,PG,23,LAL,82,3145,18.2,0.567,,0.178,1.8,6,4,30.5,2.9,0.3,15.7,18.7,,6.5,3.1,9.6,0.146,,1.8,0.4,2.2,3.3
190,Connie Norman,SG,25,SDC,22,323,11.9,0.46,,0.139,4.3,6.3,5.3,10.3,1.4,0.5,11.2,23.1,,0.2,0.1,0.2,0.032,,-1.8,-1.7,-3.6,-0.1
191,Mark Olberding,PF,22,SAS,80,1885,12.4,0.556,,0.526,5.6,17.9,12,13.1,1.2,0.5,19.4,16.9,,2,2.2,4.2,0.106,,-1.4,0.1,-1.3,0.3
192,John Olive,SF,23,SDC,34,189,2,0.439,,0.575,1.7,9,5.3,1.8,1,0,20.6,12.7,,-0.2,0,-0.2,-0.038,,-5.5,-1,-6.5,-0.3
193,Tom Owens,C,29,POR,82,2791,19.9,0.597,,0.368,10.3,19.2,14.7,15.9,1,1.2,16.3,21.5,,7.4,3,10.4,0.179,,3,-0.2,2.7,3.3
194,Robert Parish*,C,25,GSW,76,2411,20.8,0.529,,0.253,11.7,29.2,20.4,6.9,1.9,4.9,15.9,24.6,,1.8,5.4,7.1,0.142,,0.3,1.8,2.2,2.5
195,Sonny Parker,SF,23,GSW,79,2893,15.5,0.537,,0.218,6.1,10.5,8.2,13.6,2.3,0.6,14.7,18.3,,3.5,3.5,7,0.116,,0.8,1,1.8,2.8
196,Billy Paultz,C,30,SAS,79,2122,15.5,0.541,,0.256,8.7,21.8,15.5,10.5,0.7,2.9,15.7,17.8,,2.1,2.9,5.1,0.114,,0.3,0.5,0.7,1.5
197,Roger Phegley,SG,22,WSB,29,153,9.8,0.441,,0.372,3.4,11.1,7.3,12.5,1.5,0.6,15.8,26.9,,-0.2,0.2,0,0.001,,-4.2,-0.6,-4.8,-0.1
198,Stan Pietkiewicz,SG,22,SDC,4,32,1.6,0.225,,0.25,0,20,10,10.3,1.4,0,10.1,11.7,,-0.1,0,0,-0.06,,-4.7,-0.1,-4.7,0
199,Ben Poquette,PF,23,DET,76,1337,13.1,0.481,,0.306,7.5,19.1,13.1,5.4,1.3,3.8,11,16.8,,0.9,1.6,2.5,0.091,,-2,0.8,-1.2,0.3
200,Kevin Porter,PG,28,DET,82,3064,17.2,0.513,,0.24,2,5.2,3.5,47,2.3,0.1,21.5,19.4,,4.3,1.9,6.2,0.097,,2.2,-0.8,1.4,2.6
201,Jim Price,PG,29,LAL,75,1207,12.3,0.524,,0.23,2.5,8.3,5.5,21.9,2.5,0.5,20.9,15.9,,0.5,1.2,1.8,0.07,,-1.4,0.6,-0.8,0.4
202,Wayne Radford,SG,22,IND,52,649,9.7,0.518,,0.257,4,6.8,5.4,11.3,2.1,0.1,18.8,14.4,,0.2,0.5,0.7,0.049,,-2.6,0.4,-2.2,0
203,Clifford Ray,C,30,GSW,82,1917,12.5,0.543,,0.433,11.9,22.3,17,8.9,1.2,1.4,22.6,14.3,,1,2.8,3.8,0.095,,-1.6,0.6,-1,0.5
204,Marlon Redmond,SG,23,TOT,53,759,10.6,0.436,,0.129,8,7.6,7.8,10.5,1.7,1.2,12.2,23.6,,-0.5,0.8,0.3,0.017,,-1.9,-0.9,-2.8,-0.2
204,Marlon Redmond,SG,23,KCK,49,736,11.3,0.447,,0.133,8.2,7.7,8,10.6,1.7,1.2,12.4,23.7,,-0.3,0.8,0.4,0.029,,-1.8,-0.9,-2.7,-0.1
204,Marlon Redmond,SG,23,PHI,4,23,-13.4,0.083,,0,0,4.3,2.3,5,0,0,7.7,22,,-0.2,0,-0.2,-0.369,,-5.9,-1,-6.8,-0.1
205,Robert Reid,SF,23,HOU,82,2259,13.9,0.521,,0.239,6.3,16.8,11.6,13.2,1.5,1.1,13.2,17.3,,2.9,1.7,4.5,0.096,,0,0.5,0.4,1.4
206,Kevin Restani,PF,27,MIL,81,1598,12.1,0.512,,0.138,9.8,16.9,13.3,9.3,0.8,0.9,14.6,16,,1.3,1.3,2.6,0.078,,-0.8,-1,-1.8,0.1
207,Micheal Ray Richardson,PG,23,NYK,72,1218,12.4,0.435,,0.265,6.9,13.8,10.3,22.9,3.8,0.8,20.7,21.9,,-1.4,1.7,0.3,0.013,,-2.7,1.6,-1.1,0.3
208,Anthony Roberts,SF,23,DEN,63,1236,11.2,0.456,,0.221,9,12.7,10.9,12,0.7,0.1,10.6,19.1,,0.8,1,1.7,0.067,,-1.3,-1.5,-2.8,-0.3
209,Tony Robertson,SG,23,GSW,12,74,10.7,0.409,,0.225,8.7,5.8,7.3,7.6,5.1,0,15.4,28.4,,-0.2,0.1,0,-0.027,,-4.4,0.4,-4,0
210,Rick Robey,C,23,TOT,79,1763,14.5,0.53,,0.333,10.2,21,15.6,10.5,1.2,0.4,17.5,20.7,,1.4,1.7,3.1,0.085,,-0.9,-0.7,-1.6,0.2
210,Rick Robey,C,23,IND,43,849,13.4,0.531,,0.41,9.7,21.1,15.4,8.4,1.3,0.7,20.4,20.1,,0.3,1,1.3,0.072,,-1.8,-0.5,-2.2,-0.1
210,Rick Robey,C,23,BOS,36,914,15.5,0.529,,0.272,10.6,20.9,15.7,12.4,1.1,0.2,15.1,21.3,,1.1,0.7,1.8,0.097,,0,-1,-1,0.2
211,Jackie Robinson,SF,23,SEA,12,105,13.6,0.483,,0.366,9,10,9.5,17.5,2.2,0.5,18.8,21.9,,0,0.2,0.1,0.065,,-2.1,0.3,-1.9,0.1
212,Truck Robinson,PF,27,TOT,69,2537,16.9,0.537,,0.401,8,23.6,16,6.4,0.8,1.5,14.7,23.9,,2.1,3,5.1,0.096,,-0.2,-1.4,-1.5,0.3
212,Truck Robinson,PF,27,NOJ,43,1781,18,0.537,,0.414,7.9,23.3,15.8,6.2,0.7,1.7,12.9,23.8,,2.2,2,4.1,0.111,,0.6,-1.3,-0.7,0.6
212,Truck Robinson,PF,27,PHO,26,756,14.2,0.539,,0.369,8.4,24.4,16.5,6.9,1,0.8,18.9,24.3,,0,1,1,0.061,,-1.9,-1.5,-3.5,-0.3
213,Bill Robinzine,PF,26,KCK,82,2179,16.4,0.581,,0.294,10.6,21.5,15.9,6.5,2.2,0.4,15.9,19.8,,3.4,3.4,6.9,0.151,,0,0.3,0.3,1.3
214,Dave Robisch,C,29,LAL,80,1219,11.9,0.499,,0.342,7.7,17.1,12.7,9.4,0.7,1,12.1,14.4,,1.2,1.2,2.3,0.092,,-0.5,-0.5,-1.1,0.3
215,Tree Rollins,C,23,ATL,81,1900,17.3,0.553,,0.254,12,21.9,16.7,3.6,1.1,7.7,12.4,14.6,,3.1,3.3,6.4,0.163,,0,2.4,2.4,2.1
216,Dan Roundfield,PF,25,ATL,80,2539,19.4,0.556,,0.459,13.3,24,18.4,7.4,1.6,4,16,20.4,,4.6,4.1,8.7,0.164,,1.3,0.7,1.9,2.5
217,Curtis Rowe,PF,29,BOS,53,1222,7.7,0.467,,0.217,7.1,14.9,11,7.3,0.6,0.6,18.8,14.9,,-0.5,0.6,0,0.001,,-2.7,-1.4,-4.1,-0.6
218,John Rudd,SF,23,NYK,58,723,8.2,0.529,,0.699,10.2,14.7,12.4,5.7,1.1,0.6,25.3,12.6,,0.1,0.5,0.6,0.04,,-3,-0.8,-3.8,-0.3
219,Campy Russell,SF,27,CLE,74,2859,18.6,0.542,,0.412,5.3,14.5,9.6,17.6,1.6,0.5,14.7,24.4,,5,1.6,6.7,0.112,,2.4,-0.8,1.6,2.6
220,Frankie Sanders,SF,22,TOT,46,479,13.9,0.478,,0.276,8,16.5,12.4,14.7,1.9,0.6,16.6,26.5,,-0.1,0.5,0.4,0.039,,-2.3,-0.6,-2.9,-0.1
220,Frankie Sanders,SF,22,SAS,22,263,11.8,0.455,,0.323,5.4,17.7,11.8,16.6,2.3,0.6,18.1,25.5,,-0.2,0.4,0.1,0.024,,-3.5,-0.2,-3.6,-0.1
220,Frankie Sanders,SF,22,BOS,24,216,16.4,0.504,,0.227,11.2,15,13.1,12.3,1.5,0.7,14.9,27.8,,0.1,0.2,0.3,0.059,,-0.9,-1.2,-2,0
221,Alvin Scott,SF,23,PHO,81,1737,13.2,0.579,,0.424,6.8,16.1,11.5,8.5,2,1.9,17.4,12.6,,2,2.4,4.4,0.121,,0.1,1.3,1.4,1.5
222,Charlie Scott*,PG,30,DEN,79,2617,9.8,0.499,,0.252,2.2,6.2,4.2,22,1.4,0.6,21.2,17.7,,0,1.9,1.9,0.035,,-2.3,-0.8,-3.1,-0.7
223,Lonnie Shelton,PF,23,SEA,76,2158,14.9,0.543,,0.22,8.9,14,11.4,7.5,1.6,1.8,16.6,20.5,,1.7,3.4,5.1,0.114,,-0.7,0.8,0,1.1
224,Steve Sheppard,SF,24,TOT,42,279,9.2,0.506,,0.447,9.5,8.5,9,8.9,1.3,0.2,21.6,16.4,,0,0.2,0.1,0.023,,-2.8,-0.8,-3.6,-0.1
224,Steve Sheppard,SF,24,CHI,22,203,7.4,0.505,,0.373,8.7,6.4,7.5,9.7,1.1,0,26.1,15.8,,-0.1,0.1,0,-0.007,,-2.9,-1,-3.9,-0.1
224,Steve Sheppard,SF,24,DET,20,76,14.2,0.506,,0.6,11.9,14.1,13,6.8,1.8,0.7,11.2,17.8,,0.1,0.1,0.2,0.103,,-2.7,-0.2,-2.9,0
225,Purvis Short,PF,21,GSW,75,1703,13.1,0.492,,0.11,8,14,10.9,8.1,1.5,0.4,12.1,21.8,,0.7,1.9,2.6,0.074,,-1.7,-0.6,-2.3,-0.1
226,Jack Sikma*,C,23,SEA,82,2958,16.3,0.529,,0.391,8.2,27.8,18,12.2,1.3,1.2,17.3,19.4,,3.1,5.7,8.8,0.143,,0,1.3,1.2,2.4
227,James Silas,PG,29,SAS,79,2171,16,0.576,,0.436,1.8,6.9,4.4,16.2,1.5,0.5,15.3,22.6,,4,1.7,5.7,0.126,,0.3,-0.9,-0.6,0.8
228,Paul Silas,PF,35,SEA,82,1957,10.4,0.468,,0.483,13.9,17,15.5,7.3,0.7,0.5,16.7,11.7,,1.3,2.6,3.9,0.096,,-1,-0.2,-1.2,0.4
229,Ralph Simpson,SG,29,TOT,69,979,9.7,0.44,,0.256,3.7,6.6,5.1,18.1,1.7,0.3,17.2,22.7,,-1.1,0.9,-0.2,-0.01,,-2.7,-1.3,-4,-0.5
229,Ralph Simpson,SG,29,PHI,37,452,11.2,0.473,,0.204,3.8,4.2,4,18,2.5,0.1,18,22.5,,-0.3,0.5,0.2,0.021,,-2.2,-0.5,-2.7,-0.1
229,Ralph Simpson,SG,29,NJN,32,527,8.4,0.414,,0.3,3.6,8.7,6.1,18.1,1,0.4,16.5,22.9,,-0.8,0.4,-0.4,-0.036,,-3.1,-2,-5.1,-0.4
230,Al Skinner,SG,26,TOT,45,643,12.2,0.532,,0.533,4.4,9.6,7,18.6,2.8,0.2,21.4,19.9,,0.3,0.9,1.2,0.088,,-2.7,1,-1.7,0.1
230,Al Skinner,SG,26,NJN,23,334,16.2,0.565,,0.656,3.6,9.8,6.6,20.6,2.9,0.3,19.1,22.4,,0.5,0.4,1,0.137,,-0.8,1,0.2,0.2
230,Al Skinner,SG,26,PHI,22,309,8,0.48,,0.36,5.3,9.4,7.4,16.4,2.6,0.2,24.8,17.3,,-0.2,0.4,0.2,0.035,,-4.7,0.9,-3.8,-0.2
231,Bingo Smith,SG,32,CLE,72,1650,13.4,0.485,,0.135,4.8,9.1,6.8,10.7,1.2,0.2,8.3,21.8,,1.6,0.5,2.1,0.061,,-0.7,-1.6,-2.3,-0.1
232,Elmore Smith,C,29,CLE,24,332,14.5,0.551,,0.2,14,21.4,17.5,5.6,1,2.7,22.9,22,,0,0.3,0.3,0.046,,-2.6,-1,-3.6,-0.1
233,Phil Smith,SG,26,GSW,59,2288,16.1,0.538,,0.261,2.2,7.7,5,16.2,2.1,0.5,13.5,22.3,,2.8,2.4,5.2,0.11,,0.6,0.4,1,1.7
234,Randy Smith,SG,30,SDC,82,3111,16.6,0.499,,0.236,3.5,6.6,5,17.6,2.6,0.1,13.2,23.6,,4.5,1.3,5.8,0.089,,0.9,-0.8,0,1.6
235,Robert Smith,PG,23,DEN,82,1479,11.6,0.511,,0.413,2.9,7.3,5.2,18.3,1.8,0.5,15.6,15.9,,1.6,1.3,2.9,0.095,,-1.6,0.4,-1.2,0.3
236,Sam Smith,SF,24,MIL,16,125,14.2,0.486,,0.511,0,8,4,15.4,2.9,3,12.2,20.4,,0.1,0.2,0.2,0.09,,-2,1,-1,0.1
237,Willie Smith,PG,25,POR,13,131,14.6,0.563,,0.386,5.9,5.2,5.5,18,3.5,0.4,21.4,19.7,,0.1,0.2,0.3,0.103,,-2,0.7,-1.3,0.1
238,Dick Snyder,SG,34,SEA,56,536,10.8,0.489,,0.273,2.9,6.5,4.7,16,1.2,0.6,14.7,17.9,,0.3,0.6,0.9,0.08,,-2,0.1,-1.9,0
239,Ricky Sobers,SG,26,IND,81,2825,14.8,0.523,,0.283,4.3,6.7,5.5,22.4,2.2,0.4,18.5,22.8,,2.1,2.3,4.3,0.074,,-0.3,-0.3,-0.7,1
240,Kevin Stacom,SG,27,TOT,68,831,8,0.407,,0.175,3.8,7,5.4,18,1.6,0.1,17.8,21.1,,-1.3,0.5,-0.8,-0.048,,-3.5,-1.6,-5.1,-0.7
240,Kevin Stacom,SG,27,IND,44,571,7.1,0.403,,0.196,3.6,7.4,5.5,17.4,1.1,0.1,19.2,19.2,,-0.9,0.3,-0.6,-0.049,,-3.5,-1.9,-5.4,-0.5
240,Kevin Stacom,SG,27,BOS,24,260,10.1,0.414,,0.143,4.2,6,5.1,19.3,2.6,0,15.5,25.1,,-0.4,0.2,-0.2,-0.046,,-3.3,-1.1,-4.3,-0.2
241,Larry Steele,SG,29,POR,72,1488,10.1,0.477,,0.282,4.3,8.5,6.4,12.6,2.3,0.4,15,16.9,,0.6,1.5,2,0.065,,-2.8,0.3,-2.5,-0.2
242,Earl Tatum,SG,25,TOT,79,1233,11.9,0.465,,0.113,3.4,7.3,5.3,8.3,2.8,1.4,11.8,23.1,,-0.5,1.2,0.7,0.028,,-2.9,0.6,-2.3,-0.1
242,Earl Tatum,SG,25,BOS,3,38,7.1,0.45,,0.25,2.9,8.8,5.8,3.8,0,1.4,11.9,25.9,,0,0,0,-0.036,,-4.2,-0.7,-4.9,-0.1
242,Earl Tatum,SG,25,DET,76,1195,12.1,0.465,,0.109,3.4,7.3,5.3,8.5,2.9,1.4,11.8,23,,-0.4,1.2,0.7,0.03,,-2.9,0.6,-2.2,-0.1
243,Brian Taylor,PG,27,SDC,20,212,11.1,0.418,,0.217,6.5,6.5,6.5,11.8,5.1,0,15.8,19.3,,-0.1,0.2,0.1,0.032,,-3.8,1.9,-1.9,0
244,Ira Terrell,SF,24,TOT,49,732,9.3,0.499,,0.268,6.2,13.9,10.1,7.4,1.3,1.9,19.3,14.4,,-0.1,0.7,0.6,0.037,,-3.3,0.2,-3.1,-0.1
244,Ira Terrell,SF,24,NOJ,31,572,8,0.476,,0.264,6,12.4,9.3,5.8,1.2,1.9,18.3,13.1,,-0.2,0.4,0.3,0.023,,-3.6,0,-3.6,-0.2
244,Ira Terrell,SF,24,POR,18,160,14.1,0.561,,0.278,6.9,19,12.8,13.2,2,2.1,21.9,19.1,,0.1,0.2,0.3,0.087,,-2.1,0.8,-1.3,0.1
245,Reggie Theus,PG,21,CHI,82,2753,13.3,0.526,,0.31,3.7,5.4,4.5,22.8,1.6,0.3,19.2,22.9,,1.5,1.7,3.2,0.056,,-0.7,-1.2,-1.9,0.1
246,David Thompson*,SG,24,DEN,76,2670,19.9,0.567,,0.431,4.3,6.4,5.4,13.3,1.2,1.6,10.4,25.9,,7.4,2.1,9.5,0.171,,3.7,-0.6,3.1,3.5
247,Mychal Thompson,C,24,POR,73,2144,17,0.508,,0.287,10.1,21.3,15.7,12.1,1.5,3.5,16.3,23.2,,1.2,3.2,4.4,0.098,,-0.1,0.6,0.5,1.3
248,Rudy Tomjanovich*,PF,30,HOU,74,2641,16.4,0.543,,0.184,7.1,16.3,11.8,7.3,0.8,0.4,9.6,21.4,,5,1.1,6.2,0.112,,1.6,-1.8,-0.2,1.2
249,Raymond Townsend,SG,23,GSW,65,771,10.8,0.477,,0.235,1.5,6.2,3.8,15.7,1.6,0.4,13.8,19.4,,0.1,0.7,0.8,0.048,,-2.2,-0.1,-2.4,-0.1
250,Dave Twardzik,PG,28,POR,64,1570,14.9,0.651,,0.785,2.7,5.7,4.2,14.6,2.5,0.1,19.9,16.1,,3.7,1.4,5.1,0.157,,-0.2,0.6,0.4,0.9
251,Terry Tyler,PF,22,DET,82,2560,15.5,0.507,,0.232,8.3,18.3,13.2,4.6,1.8,4.1,11.9,17.6,,2,3.4,5.4,0.101,,-0.4,1,0.6,1.7
252,Wes Unseld*,C,32,WSB,77,2406,17.8,0.599,,0.392,11.7,23.2,17.5,15.9,1.3,0.8,18.2,13.6,,5.3,3.5,8.7,0.174,,2.8,1.5,4.3,3.8
253,Jan van Breda Kolff,SF,27,NJN,80,1998,10.8,0.534,,0.433,5.5,15,10.1,11.6,1.9,2,21.1,12,,0.9,2.7,3.6,0.087,,-1.6,1.7,0.1,1.1
254,Norm Van Lier,PG,31,MIL,38,555,11,0.536,,0.675,1.6,6.4,4,30.7,3.5,0.3,32.9,10.4,,0.5,0.6,1.1,0.093,,-2.8,1.8,-1,0.1
255,Andre Wakefield,SG,24,TOT,73,586,4.9,0.415,,0.39,4.3,9.4,6.7,14.4,1.5,0.2,26,18.2,,-1.2,0.3,-0.9,-0.072,,-5.5,-1.5,-7,-0.8
255,Andre Wakefield,SG,24,CHI,2,8,-15.9,0,,0,0,0,0,14.2,0,0,66.7,15,,-0.1,0,-0.1,-0.397,,-5.1,-0.3,-5.4,0
255,Andre Wakefield,SG,24,DET,71,578,5.2,0.417,,0.392,4.4,9.5,6.8,14.4,1.5,0.2,25.6,18.3,,-1.1,0.3,-0.8,-0.067,,-5.5,-1.5,-7,-0.7
256,Foots Walker,PG,27,CLE,55,1753,15,0.527,,0.391,3.5,9.2,6.2,23.3,3.5,0.6,19.5,14.8,,1.9,1.5,3.4,0.093,,-0.2,1.5,1.3,1.5
257,Wally Walker,SF,24,SEA,60,969,11.6,0.511,,0.28,7.2,12.1,9.6,10,0.6,1.4,15,18.3,,0.6,1.2,1.8,0.087,,-1.7,0,-1.7,0.1
258,Lloyd Walton,PG,25,MIL,75,1381,12.4,0.511,,0.275,2.7,5.6,4.2,29.7,2.3,0.3,25.1,13.8,,0.9,1,1.9,0.067,,-0.4,-0.3,-0.7,0.5
259,Kermit Washington,PF,27,SDC,82,2764,15,0.603,,0.53,11.4,19.4,15.4,5.5,1.4,2.2,19.4,13.1,,4.6,2.3,6.9,0.12,,0.8,0.1,0.9,2
260,Richard Washington,PF,23,KCK,18,161,5.3,0.396,,0.39,7.3,25.6,16.2,5.1,1.9,1,23.8,15.1,,-0.3,0.3,0,-0.006,,-5.1,0.4,-4.7,-0.1
261,Wilson Washington,PF,23,NJN,62,1139,12.9,0.523,,0.24,7.8,19.8,13.6,6,1.2,3.2,17,19,,0.2,1.7,1.8,0.077,,-2.6,0.5,-2.1,0
262,Slick Watts,PG,27,HOU,61,1046,11.3,0.439,,0.295,3.7,7,5.4,27.2,3.2,0.7,21.7,12.3,,0.4,0.8,1.2,0.057,,-1.2,1.7,0.5,0.7
263,Nick Weatherspoon,SF,28,SDC,82,2642,12.7,0.514,,0.238,7.2,11.1,9.1,6.7,1.4,0.7,14.3,18.5,,2.8,1,3.7,0.068,,-0.4,-1.3,-1.7,0.2
264,Marvin Webster,C,26,NYK,60,2027,13.4,0.504,,0.47,10.5,24.4,17.4,10.6,0.5,2.9,20.2,16.3,,0.5,2.3,2.8,0.066,,-0.9,0.3,-0.6,0.7
265,Scott Wedman,SF,26,KCK,73,2498,16.9,0.572,,0.258,5.7,11.2,8.4,8,1.4,0.7,8.3,19.6,,6,2.6,8.6,0.165,,2,-0.2,1.9,2.4
266,Paul Westphal*,SG,28,PHO,81,2641,22.6,0.58,,0.271,1.5,5.1,3.3,29.9,1.9,0.5,12.2,27.8,,8.2,2.2,10.4,0.189,,4.6,-0.9,3.7,3.8
267,Jo Jo White*,PG,32,TOT,76,2338,11.2,0.483,,0.174,2,7.5,4.7,20.3,1.6,0.2,17.8,20.1,,-0.3,1.4,1.1,0.023,,-1.9,-1,-3,-0.6
267,Jo Jo White*,PG,32,BOS,47,1455,10.2,0.464,,0.149,1.7,8.2,4.9,20.4,1.7,0.1,18.3,20.9,,-1,0.7,-0.3,-0.008,,-2.5,-1.4,-3.9,-0.7
267,Jo Jo White*,PG,32,GSW,29,883,12.7,0.52,,0.22,2.4,6.4,4.4,20.1,1.4,0.2,16.9,19,,0.7,0.7,1.4,0.075,,-0.9,-0.5,-1.4,0.1
268,Jerome Whitehead,C,22,SDC,31,152,8.4,0.453,,0.529,11.2,23.8,17.5,5.5,0.9,1.3,20.8,13.2,,0,0.1,0.1,0.026,,-3.6,-0.5,-4.1,-0.1
269,Sidney Wicks,PF,29,SDC,79,2022,11.1,0.497,,0.334,8.4,13,10.7,7.9,1.6,0.9,18.8,17.9,,0.5,1,1.5,0.037,,-1.6,-0.9,-2.6,-0.3
270,Bob Wilkerson,SF,24,DEN,80,2425,12,0.482,,0.199,4.4,13.4,8.9,16.1,2.2,0.4,17.2,18.1,,0,2.9,2.9,0.058,,-1.5,0.6,-0.9,0.7
271,Jamaal Wilkes*,SF,25,LAL,82,2915,16.4,0.544,,0.291,6.5,15.7,11.4,10.3,2.1,0.5,13.8,22.3,,3.4,3.4,6.9,0.113,,0.2,-0.4,-0.2,1.3
272,Earl Williams,C,27,BOS,20,273,15.3,0.457,,0.195,16.5,26.2,21.4,6.3,2,1.7,13,22,,0,0.4,0.4,0.069,,-1.7,-0.9,-2.6,0
273,Freeman Williams,SG,22,SDC,72,1195,16.1,0.514,,0.143,4.3,4.5,4.4,10.5,1.6,0.1,12,26.2,,1.7,0.1,1.8,0.072,,0.6,-2.2,-1.5,0.1
274,Gus Williams,PG,25,SEA,76,2266,21.1,0.534,,0.258,5.1,6.2,5.7,21.9,3.2,0.7,12.2,26.9,,4.7,3.5,8.3,0.175,,3.1,1.8,4.9,4
275,Nate Williams,SG,28,GSW,81,1299,14.7,0.542,,0.206,5.6,11.6,8.6,6.7,2,0.2,13.1,22.2,,1.4,1.5,2.9,0.107,,-0.9,-0.1,-1,0.3
276,Ray Williams,PG,24,NYK,81,2370,17.7,0.502,,0.249,4.7,8.5,6.6,31,2.5,0.4,17,27.8,,1.9,1.9,3.9,0.078,,1.3,-0.7,0.6,1.6
277,John Williamson,SG,27,NJN,74,2451,16.4,0.527,,0.32,2.2,6.4,4.2,16.8,1.6,0.3,13,27.4,,3,2,5.1,0.099,,0.7,-1.1,-0.5,0.9
278,Rick Wilson,SG,22,ATL,61,589,9.7,0.43,,0.223,3.5,10.7,7,16.4,2.4,0.8,15.9,17.3,,-0.3,0.6,0.3,0.028,,-2.4,0.7,-1.7,0
279,Brian Winters,SG,26,MIL,79,2575,15.6,0.533,,0.206,2.1,5.5,3.8,20.5,1.5,0.8,14.9,26,,2.7,1.5,4.2,0.078,,0.3,-1.5,-1.2,0.5
280,Larry Wright,PG,24,WSB,73,1658,13.7,0.511,,0.285,3,5.6,4.3,22.5,1.9,0.4,15.2,18,,2,1.5,3.5,0.101,,-0.3,0.2,-0.1,0.8